Model,Accuracy,F1 (Macro),F1 (Weighted),AUROC (OvR)
Shallow CNN,0.794581738020652,0.6565892499424191,0.8066418219212845,0.9064506479569063
